{"data_time": 0.008604549999972733, "eta_seconds": 227161.8101059999, "fast_rcnn/cls_accuracy": 0.9513888888888888, "fast_rcnn/false_negative": 0.046875, "fast_rcnn/fg_cls_accuracy": 0.953125, "iteration": 19, "loss_box_reg": 0.3745453804731369, "loss_cls": 0.11768902838230133, "loss_rpn_cls": 0.008132466115057468, "loss_rpn_loc": 0.020227491855621338, "lr": 3.1969600000000002e-06, "rank_data_time": 0.008604549999972733, "roi_head/num_bg_samples": 64.0, "roi_head/num_fg_samples": 64.0, "rpn/num_neg_anchors": 216.83333333333334, "rpn/num_pos_anchors": 39.166666666666664, "time": 30.369225949999986, "total_loss": 0.518085615709424}
{"data_time": 0.0062665499999639, "eta_seconds": 249414.26173900007, "fast_rcnn/cls_accuracy": 0.9435763888888888, "fast_rcnn/false_negative": 0.043402777777777776, "fast_rcnn/fg_cls_accuracy": 0.9565972222222223, "iteration": 39, "loss_box_reg": 0.3802006244659424, "loss_cls": 0.1426742821931839, "loss_rpn_cls": 0.00943061662837863, "loss_rpn_loc": 0.024295153096318245, "lr": 6.39376e-06, "rank_data_time": 0.0062665499999639, "roi_head/num_bg_samples": 64.0, "roi_head/num_fg_samples": 64.0, "rpn/num_neg_anchors": 208.66666666666666, "rpn/num_pos_anchors": 47.333333333333336, "time": 34.29243150000002, "total_loss": 0.5545612084679306}
{"data_time": 0.005592050000132076, "eta_seconds": 253133.53948800013, "fast_rcnn/cls_accuracy": 0.9565972222222222, "fast_rcnn/false_negative": 0.037326388888888895, "fast_rcnn/fg_cls_accuracy": 0.9626736111111112, "iteration": 59, "loss_box_reg": 0.3540840595960617, "loss_cls": 0.1038578413426876, "loss_rpn_cls": 0.006662682397291064, "loss_rpn_loc": 0.0195880439132452, "lr": 9.59056e-06, "rank_data_time": 0.005592050000132076, "roi_head/num_bg_samples": 64.0, "roi_head/num_fg_samples": 64.0, "rpn/num_neg_anchors": 217.33333333333331, "rpn/num_pos_anchors": 38.66666666666667, "time": 36.06071444999998, "total_loss": 0.49006772181019187}
{"data_time": 0.006114800000204923, "eta_seconds": 254522.27577000117, "fast_rcnn/cls_accuracy": 0.9461805555555556, "fast_rcnn/false_negative": 0.04774305555555555, "fast_rcnn/fg_cls_accuracy": 0.9522569444444444, "iteration": 79, "loss_box_reg": 0.3844960033893585, "loss_cls": 0.13137373328208923, "loss_rpn_cls": 0.008818398229777813, "loss_rpn_loc": 0.023951404727995396, "lr": 1.2787360000000001e-05, "rank_data_time": 0.006114800000204923, "roi_head/num_bg_samples": 64.0, "roi_head/num_fg_samples": 64.0, "rpn/num_neg_anchors": 214.16666666666669, "rpn/num_pos_anchors": 41.83333333333333, "time": 35.069943600000215, "total_loss": 0.5641233217902482}
{"data_time": 0.00531530000012026, "eta_seconds": 257819.94420000038, "fast_rcnn/cls_accuracy": 0.9522569444444444, "fast_rcnn/false_negative": 0.036458333333333336, "fast_rcnn/fg_cls_accuracy": 0.9635416666666667, "iteration": 99, "loss_box_reg": 0.37940943241119385, "loss_cls": 0.12000321596860886, "loss_rpn_cls": 0.007973813451826572, "loss_rpn_loc": 0.021669259294867516, "lr": 1.5984160000000002e-05, "rank_data_time": 0.00531530000012026, "roi_head/num_bg_samples": 64.0, "roi_head/num_fg_samples": 64.0, "rpn/num_neg_anchors": 216.16666666666669, "rpn/num_pos_anchors": 39.83333333333333, "time": 36.51160714999992, "total_loss": 0.5213766349479556}
{"data_time": 0.006168000000116081, "eta_seconds": 257123.13354000036, "fast_rcnn/cls_accuracy": 0.94921875, "fast_rcnn/false_negative": 0.04600694444444445, "fast_rcnn/fg_cls_accuracy": 0.9539930555555556, "iteration": 119, "loss_box_reg": 0.3717978149652481, "loss_cls": 0.12493115663528442, "loss_rpn_cls": 0.011886677239090204, "loss_rpn_loc": 0.02325931377708912, "lr": 1.9180960000000005e-05, "rank_data_time": 0.006168000000116081, "roi_head/num_bg_samples": 64.0, "roi_head/num_fg_samples": 64.0, "rpn/num_neg_anchors": 215.33333333333334, "rpn/num_pos_anchors": 40.666666666666664, "time": 34.86738029999992, "total_loss": 0.5431610182859004}
{"data_time": 0.006008700000165845, "eta_seconds": 255564.50588800164, "fast_rcnn/cls_accuracy": 0.9505208333333333, "fast_rcnn/false_negative": 0.04861111111111111, "fast_rcnn/fg_cls_accuracy": 0.9513888888888888, "iteration": 139, "loss_box_reg": 0.3834597170352936, "loss_cls": 0.11998608335852623, "loss_rpn_cls": 0.007737647509202361, "loss_rpn_loc": 0.019386899657547474, "lr": 2.237776e-05, "rank_data_time": 0.006008700000165845, "roi_head/num_bg_samples": 64.0, "roi_head/num_fg_samples": 64.0, "rpn/num_neg_anchors": 221.33333333333331, "rpn/num_pos_anchors": 34.66666666666667, "time": 34.30186589999994, "total_loss": 0.5103689255192876}
{"data_time": 0.00531749999981912, "eta_seconds": 253204.5735060003, "fast_rcnn/cls_accuracy": 0.953125, "fast_rcnn/false_negative": 0.0390625, "fast_rcnn/fg_cls_accuracy": 0.9609375, "iteration": 159, "loss_box_reg": 0.37673987448215485, "loss_cls": 0.11611317843198776, "loss_rpn_cls": 0.009699381422251463, "loss_rpn_loc": 0.019708710722625256, "lr": 2.5574560000000005e-05, "rank_data_time": 0.00531749999981912, "roi_head/num_bg_samples": 64.0, "roi_head/num_fg_samples": 64.0, "rpn/num_neg_anchors": 219.0, "rpn/num_pos_anchors": 37.0, "time": 33.54540165000026, "total_loss": 0.5231436240719631}
{"data_time": 0.006194949999553501, "eta_seconds": 254722.35735000312, "fast_rcnn/cls_accuracy": 0.9505208333333334, "fast_rcnn/false_negative": 0.0390625, "fast_rcnn/fg_cls_accuracy": 0.9609375, "iteration": 179, "loss_box_reg": 0.35084855556488037, "loss_cls": 0.1164206862449646, "loss_rpn_cls": 0.010212816763669252, "loss_rpn_loc": 0.02523425780236721, "lr": 2.8771360000000004e-05, "rank_data_time": 0.006194949999553501, "roi_head/num_bg_samples": 64.0, "roi_head/num_fg_samples": 64.0, "rpn/num_neg_anchors": 207.33333333333334, "rpn/num_pos_anchors": 48.666666666666664, "time": 36.99718230000008, "total_loss": 0.5052337255328894}
{"data_time": 0.005680950000169105, "eta_seconds": 253347.10991499946, "fast_rcnn/cls_accuracy": 0.94921875, "fast_rcnn/false_negative": 0.04861111111111111, "fast_rcnn/fg_cls_accuracy": 0.9513888888888888, "iteration": 199, "loss_box_reg": 0.383384570479393, "loss_cls": 0.1231149286031723, "loss_rpn_cls": 0.00759022100828588, "loss_rpn_loc": 0.01850530318915844, "lr": 3.196816e-05, "rank_data_time": 0.005680950000169105, "roi_head/num_bg_samples": 64.0, "roi_head/num_fg_samples": 64.0, "rpn/num_neg_anchors": 221.0, "rpn/num_pos_anchors": 35.0, "time": 33.71820149999985, "total_loss": 0.5276195895858109}
{"data_time": 0.005886299999929179, "eta_seconds": 252844.16320799675, "fast_rcnn/cls_accuracy": 0.9487847222222222, "fast_rcnn/false_negative": 0.041666666666666664, "fast_rcnn/fg_cls_accuracy": 0.9583333333333333, "iteration": 219, "loss_box_reg": 0.3816944509744644, "loss_cls": 0.12354088202118874, "loss_rpn_cls": 0.008018861757591367, "loss_rpn_loc": 0.022650768980383873, "lr": 3.5164960000000004e-05, "rank_data_time": 0.005886299999929179, "roi_head/num_bg_samples": 64.0, "roi_head/num_fg_samples": 64.0, "rpn/num_neg_anchors": 211.66666666666669, "rpn/num_pos_anchors": 44.33333333333333, "time": 34.914056099999925, "total_loss": 0.5436057539191097}
{"data_time": 0.0052381499999683, "eta_seconds": 252683.4894210004, "fast_rcnn/cls_accuracy": 0.9461805555555556, "fast_rcnn/false_negative": 0.051215277777777776, "fast_rcnn/fg_cls_accuracy": 0.9487847222222222, "iteration": 239, "loss_box_reg": 0.3763981908559799, "loss_cls": 0.12781435623764992, "loss_rpn_cls": 0.009286460466682911, "loss_rpn_loc": 0.02197378594428301, "lr": 3.8361760000000007e-05, "rank_data_time": 0.0052381499999683, "roi_head/num_bg_samples": 64.0, "roi_head/num_fg_samples": 64.0, "rpn/num_neg_anchors": 216.66666666666666, "rpn/num_pos_anchors": 39.333333333333336, "time": 36.634641250000186, "total_loss": 0.5309758563525975}
{"data_time": 0.00575585000024148, "eta_seconds": 252383.52463400073, "fast_rcnn/cls_accuracy": 0.9535590277777778, "fast_rcnn/false_negative": 0.041666666666666664, "fast_rcnn/fg_cls_accuracy": 0.9583333333333334, "iteration": 259, "loss_box_reg": 0.3706362694501877,